{"scene":"B1_Scene_03","position":{"x":-3.359936475753784,"y":-1.7644215822219849,"z":0.0},"health":4,"money":2}